{"stats":{"minecraft:picked_up":{"minecraft:redstone_torch":1,"minecraft:redstone":16},"minecraft:custom":{"minecraft:jump":107,"minecraft:time_since_rest":108450,"minecraft:play_time":108450,"minecraft:crouch_one_cm":7009,"minecraft:leave_game":5,"minecraft:sprint_one_cm":942,"minecraft:time_since_death":108450,"minecraft:walk_one_cm":5173,"minecraft:sneak_time":6111,"minecraft:total_world_time":108450,"minecraft:fly_one_cm":1301393},"minecraft:used":{"minecraft:redstone_torch":14,"minecraft:gold_block":97,"minecraft:white_wool":263,"minecraft:light_gray_terracotta":43,"minecraft:repeater":13,"minecraft:lime_wool":29,"minecraft:redstone":216}},"DataVersion":2730}