{"stats":{"minecraft:used":{"minecraft:blue_terracotta":344,"minecraft:writable_book":10,"minecraft:orange_concrete":334,"minecraft:polished_blackstone":148,"minecraft:redstone":16408,"minecraft:lime_wool":1565,"minecraft:oak_sign":176,"minecraft:blue_wool":581,"minecraft:light_blue_terracotta":501,"minecraft:stone":117,"minecraft:redstone_block":1516,"minecraft:green_terracotta":2798,"minecraft:white_wool":2203,"minecraft:polished_blackstone_pressure_plate":272,"minecraft:diamond_block":6,"minecraft:sand":24,"minecraft:lime_terracotta":1209,"minecraft:target":53,"minecraft:comparator":31,"minecraft:yellow_terracotta":1621,"minecraft:light_blue_wool":1649,"minecraft:light_gray_terracotta":1879,"minecraft:orange_wool":1296,"minecraft:pink_terracotta":858,"minecraft:purple_terracotta":461,"minecraft:gray_concrete":409,"minecraft:cyan_wool":341,"minecraft:black_wool":105,"minecraft:redstone_torch":1848,"minecraft:black_terracotta":1827,"minecraft:sticky_piston":3,"minecraft:lever":7,"minecraft:gray_terracotta":350,"minecraft:brown_terracotta":56,"minecraft:piston":53,"minecraft:honey_block":4,"minecraft:black_concrete":269,"minecraft:cyan_terracotta":6906,"minecraft:heavy_weighted_pressure_plate":1049,"minecraft:command_block":2,"minecraft:red_wool":12,"minecraft:yellow_stained_glass":18,"minecraft:iron_block":75,"minecraft:green_wool":140,"minecraft:lectern":1,"minecraft:red_terracotta":1007,"minecraft:pink_wool":627,"minecraft:barrel":3,"minecraft:yellow_wool":1591,"minecraft:bedrock":171,"minecraft:light_gray_wool":2890,"minecraft:repeater":3263,"minecraft:redstone_lamp":398,"minecraft:magenta_wool":523,"minecraft:magenta_terracotta":1530,"minecraft:dark_oak_pressure_plate":5,"minecraft:bucket":22,"minecraft:repeating_command_block":3,"minecraft:gold_block":2276,"minecraft:pink_stained_glass":8,"minecraft:smooth_stone_slab":1,"minecraft:stone_pressure_plate":34,"minecraft:orange_terracotta":164,"minecraft:observer":88,"minecraft:powder_snow_bucket":23,"minecraft:purple_wool":701,"minecraft:green_stained_glass":50},"minecraft:picked_up":{"minecraft:repeater":47,"minecraft:gold_block":1,"minecraft:heavy_weighted_pressure_plate":4,"minecraft:oak_sign":1,"minecraft:redstone_torch":30,"minecraft:sand":2,"minecraft:redstone":540,"minecraft:polished_blackstone_pressure_plate":19,"minecraft:writable_book":3,"minecraft:cyan_terracotta":1},"minecraft:dropped":{"minecraft:pink_terracotta":1,"minecraft:orange_concrete":1,"minecraft:yellow_stained_glass":1,"minecraft:oak_sign":1,"minecraft:gold_block":3,"minecraft:cyan_terracotta":2,"minecraft:gray_concrete":1,"minecraft:stone":1,"minecraft:polished_blackstone_pressure_plate":12,"minecraft:heavy_weighted_pressure_plate":1,"minecraft:repeater":47,"minecraft:redstone_torch":24,"minecraft:black_concrete":1,"minecraft:redstone":403},"minecraft:custom":{"minecraft:open_barrel":4,"minecraft:leave_game":140,"minecraft:time_since_death":94579,"minecraft:time_since_rest":94599,"minecraft:sprint_one_cm":754321,"minecraft:damage_taken":280,"minecraft:walk_one_cm":1598032,"minecraft:drop":260,"minecraft:fly_one_cm":51686408,"minecraft:crouch_one_cm":783856,"minecraft:play_time":3986532,"minecraft:deaths":2,"minecraft:sneak_time":331831,"minecraft:interact_with_lectern":7,"minecraft:jump":18462,"minecraft:total_world_time":3987974}},"DataVersion":2730}