{"stats":{"minecraft:dropped":{"minecraft:snow_block":1,"minecraft:redstone":1},"minecraft:picked_up":{"minecraft:sand":14,"minecraft:black_banner":1,"minecraft:redstone":5},"minecraft:custom":{"minecraft:time_since_rest":188165,"minecraft:crouch_one_cm":445,"minecraft:play_time":188165,"minecraft:walk_one_cm":14123,"minecraft:sneak_time":4750,"minecraft:drop":2,"minecraft:jump":54,"minecraft:leave_game":5,"minecraft:time_since_death":188165,"minecraft:total_world_time":188165,"minecraft:fly_one_cm":1466490},"minecraft:used":{"minecraft:redstone_torch":29,"minecraft:sticky_piston":34,"minecraft:glass":39,"minecraft:white_wool":1196,"minecraft:piston":20,"minecraft:sea_lantern":6,"minecraft:repeater":114,"minecraft:sand":111,"minecraft:comparator":13,"minecraft:snow_block":11,"minecraft:redstone":816,"minecraft:black_banner":12,"minecraft:stone_button":1,"minecraft:redstone_block":31,"minecraft:observer":1}},"DataVersion":2730}